{"cameraMode":{"drawMode":0,"name":"Shaded","section":"Shading Mode"},"sceneLighting":false,"audioPlay":false,"sceneViewState":{"showFog":true,"showMaterialUpdate":false,"showSkybox":true,"showFlares":true,"showImageEffects":true,"showParticleSystems":true},"in2DMode":false,"pivot":{"x":0.5529678463935852,"y":1.7031974792480469,"z":0.21339696645736695},"rotation":{"x":0.0034077283926308157,"y":0.996572732925415,"z":-0.0613664872944355,"w":0.05536632984876633},"size":4.12937593460083,"orthographic":true}