{"cameraMode":{"drawMode":0,"name":"Shaded","section":"Shading Mode"},"sceneLighting":true,"audioPlay":false,"sceneViewState":{"showFog":true,"showMaterialUpdate":false,"showSkybox":true,"showFlares":true,"showImageEffects":true,"showParticleSystems":true},"in2DMode":false,"pivot":{"x":109.15965270996094,"y":1.7627686262130738,"z":65.97893524169922},"rotation":{"x":0.04473210871219635,"y":0.9376246929168701,"z":-0.1316678375005722,"w":0.31862595677375796},"size":23.83197021484375,"orthographic":false}