{"cameraMode":{"drawMode":0,"name":"Shaded","section":"Shading Mode"},"sceneLighting":false,"audioPlay":false,"sceneViewState":{"showFog":true,"showMaterialUpdate":false,"showSkybox":true,"showFlares":true,"showImageEffects":true,"showParticleSystems":true},"in2DMode":false,"pivot":{"x":-0.03845509886741638,"y":-0.006921136751770973,"z":-0.011347087100148201},"rotation":{"x":0.0021896075922995807,"y":0.8734667897224426,"z":0.0039315675385296349,"w":-0.48686307668685915},"size":2.742837905883789,"orthographic":true}