{"cameraMode":{"drawMode":0,"name":"Shaded","section":"Shading Mode"},"sceneLighting":false,"audioPlay":false,"sceneViewState":{"showFog":true,"showMaterialUpdate":false,"showSkybox":true,"showFlares":true,"showImageEffects":true,"showParticleSystems":true},"in2DMode":false,"pivot":{"x":0.003362417221069336,"y":0.9895598888397217,"z":-0.8118740320205689},"rotation":{"x":0.12278316915035248,"y":0.6943372488021851,"z":-0.12204928696155548,"w":0.6985155940055847},"size":8.706957817077637,"orthographic":false}